{
    "interactionModel": {
        "languageModel": {
            "invocationName": "コーヒーショップ",
            "intents": [
                {
                    "name": "AMAZON.CancelIntent",
                    "samples": []
                },
                {
                    "name": "AMAZON.HelpIntent",
                    "samples": []
                },
                {
                    "name": "AMAZON.StopIntent",
                    "samples": []
                },
                {
                    "name": "OrderIntent",
                    "slots": [
                        {
                            "name": "amount",
                            "type": "AMAZON.NUMBER"
                        },
                        {
                            "name": "menu",
                            "type": "MenuList"
                        }
                    ],
                    "samples": [
                        "{menu} を {amount} つ注文して"
                    ]
                },
                {
                    "name": "RecommendIntent",
                    "slots": [],
                    "samples": [
                        "今日のオススメは何"
                    ]
                }
            ],
            "types": [
                {
                    "name": "MenuList",
                    "values": [
                        {
                            "name": {
                                "value": "カプチーノ"
                            }
                        },
                        {
                            "name": {
                                "value": "カフェラテ"
                            }
                        },
                        {
                            "name": {
                                "value": "コーヒー"
                            }
                        }
                    ]
                }
            ]
        }
    }
}
