{
  "manifest": {
    "publishingInformation": {
      "locales": {
        "ja-JP": {
          "summary": "",
          "examplePhrases": [
          ],
          "name": "コーヒーショップ",
          "description": ""
        }
      },
      "isAvailableWorldwide": true,
      "testingInstructions": "Sample Testing Instructions.",
      "category": "EDUCATION_AND_REFERENCE",
      "distributionCountries": []
    },
    "apis": {
      "custom": {
        "endpoint": {
          "sourceDir": "lambda/custom"
        }
      }
    },
    "manifestVersion": "1.0"
  }
}
