{
    "interactionModel": {
        "languageModel": {
            "invocationName": "コーヒーショップ",
            "intents": [
                {
                    "name": "AMAZON.CancelIntent",
                    "samples": []
                },
                {
                    "name": "AMAZON.HelpIntent",
                    "samples": []
                },
                {
                    "name": "AMAZON.StopIntent",
                    "samples": []
                },
                {
                    "name": "OrderIntent",
                    "slots": [],
                    "samples": [
                        "コーヒーをください",
                        "コーヒーを注文して",
                        "コーヒーが欲しい",
                        "コーヒーにしようかな",
                        "コーヒーにして",
                        "コーヒープリーズ",
                        "コーヒーよろしく",
                        "コーヒーお願い",
                        "コーヒーお願いします"
                    ]
                },
                {
                    "name": "RecommendIntent",
                    "slots": [],
                    "samples": [
                        "今日のオススメを教えて",
                        "オススメを教えて",
                        "オススメはなに",
                        "今日は何にしようかな",
                        "今日は何がいいかな",
                        "今日は何がある",
                        "今日のオススメはなに"
                    ]
                }
            ],
            "types": []
        }
    }
}