{
    "interactionModel": {
        "languageModel": {
            "invocationName": "コーヒーショップ",
            "intents": [
                {
                    "name": "AMAZON.CancelIntent",
                    "samples": []
                },
                {
                    "name": "AMAZON.HelpIntent",
                    "samples": []
                },
                {
                    "name": "AMAZON.StopIntent",
                    "samples": []
                },
                {
                    "name": "OrderIntent",
                    "slots": [
                        {
                            "name": "amount",
                            "type": "AMAZON.NUMBER"
                        }
                    ],
                    "samples": [
                        "コーヒーをください",
                        "コーヒーを {amount} つプリーズ",
                        "コーヒーを {amount} 杯プリーズ",
                        "コーヒーを {amount} 杯注文して",
                        "コーヒーを {amount} つ注文して",
                        "コーヒーを {amount} 杯頼む",
                        "コーヒーを {amount} 杯ください",
                        "コーヒーを {amount} つ頼む",
                        "コーヒーを {amount} つちょうだい",
                        "コーヒーを {amount} つください",
                        "コーヒーを注文して",
                        "コーヒーが欲しい",
                        "コーヒーにしようかな",
                        "コーヒーにして",
                        "コーヒープリーズ",
                        "コーヒーよろしく",
                        "コーヒーお願い",
                        "コーヒーお願いします"
                    ]
                },
                {
                    "name": "RecommendIntent",
                    "slots": [],
                    "samples": [
                        "今日のオススメは",
                        "今日は何がいいかな",
                        "今日はどう",
                        "今日はどんなのがある",
                        "今日は何がいい",
                        "今日のオススメを教えて",
                        "今日のオススメは何ですか"
                    ]
                }
            ],
            "types": []
        }
    }
}